,0
0,0.17691861434154849
1,0.14217673751995483
2,0.34437693337391756
3,-0.10296358066097251
4,0.04190946631660868
5,0.006770740837008184
6,-0.1293222924794127
7,-0.07022851225572357
8,0.015810756901016704
9,0.26801390231684147
10,0.16433929520778096
11,0.006653518323575407
12,-0.128188460820113
13,0.1337778471083425
14,0.1678054107368127
15,-0.20334054872362547
16,0.02586786781696122
17,0.05128223379631686
18,0.014165888054828704
19,-0.06222215005908573
20,0.10866732369460878
21,0.023240785997912402
22,-0.12083238659317772
23,0.1470549194635136
24,0.006368215494582726
25,0.08295099087073379
26,-0.0149518797849132
27,-0.05387383646338019
28,0.10738357757696769
29,0.0905134829929305
30,-0.054227392491329525
31,0.0101018018292632
32,-0.02550143747863026
33,-0.01209655398208951
34,0.0006236960617543353
35,0.06166245924405099
36,-0.14892574663908062
37,-0.015890804444385166
38,-0.004580448577866904
39,-0.012965871568584315
40,-0.04862194540646701
41,0.0031895927154850586
42,0.013539516592287736
43,-0.01571601299644541
44,-0.008929590095624208
45,0.03357350596987529
46,-0.04016407929510582
47,0.06395646634209191
48,-0.08522880255209224
49,-0.0683249936948709
50,0.0705688302753283
51,-2.551366325166649e-05
52,-0.05478969753461912
53,0.042536593850629335
54,0.15568407541541043
55,0.02756525655862256
56,-0.041732933343865505
57,0.0014505945875459164
58,-0.045033460213313975
59,0.0048773853875195726
60,-0.07643910000747363
61,-0.06530677773586654
62,-0.025519308164627795
63,0.019183548301276127
64,0.020604237011137606
65,-0.019398586685458265
66,-0.05096192872737366
67,-0.05398150988819008
68,0.020703487479801875
69,-0.008571282466069502
70,0.02387385899727828
71,-0.02080703787821333
72,0.060938041595481524
73,0.049863542847227174
74,0.037412342237947434
75,-0.016182993493891018
76,-0.01620267694281303
77,-0.020338640486023924
78,-0.01450786263466483
79,-0.009395428213514502
80,0.010364374593669842
81,0.03345515555940299
82,-0.021703929736416813
83,-0.0015376032585173835
84,0.011384436648940245
85,0.0062966288559776675
86,0.04502549910559564
87,0.01399739608524223
88,-0.02863391366965076
89,-0.06607298787786736
90,0.0012909080785182608
91,-0.0026055194104203988
92,-0.02593717736969538
93,0.0321644674091843
94,0.013399239288015258
95,0.05751628838481395
96,0.03854074154349589
97,0.00646561288192118
98,-0.038683394841160595
99,0.06402862561300293
100,0.01105462567123988
101,0.030447992849639
102,0.0440409996915659
103,-0.050279352057858655
104,0.00586812649463185
105,-0.01557822608557199
106,-0.03566929932938285
107,0.0014744468168140946
108,0.01896074270110836
109,-0.03822743239370958
110,-0.0783991157127818
111,-0.014842829311858327
112,0.026310058845129755
113,-0.034926272816332427
114,0.011922658733653446
115,0.028118231411206555
116,-0.05870516337590795
117,0.0006404155959454238
118,0.0006210651458197285
119,-0.004096601762302558
120,0.01673211983737641
121,0.007508526632699293
122,0.011359745063227084
123,-0.07039751462394
124,-0.047341945118637166
125,0.03614518177426603
126,0.03025820291902525
127,-0.06886672413182669
128,0.005569662863074965
129,0.07615009823269096
130,-0.013381731048756316
131,0.07021804206202652
132,0.010305451524250218
133,0.020637255489658182
134,-0.0673587938601107
135,-0.06602923312777606
136,-0.07722781056211346
137,0.06853317764622019
138,0.031517469555125924
139,-0.009657245403703756
140,-0.007463620514960573
141,-0.06865127926097979
142,-0.014593338739477556
143,-0.09613092172910558
144,0.02018048946179991
145,0.026367877596726333
146,-0.026451352693061477
147,-0.09743953604974394
148,0.03283367496538196
149,-0.022547091107508944
150,0.020603460430290082
151,0.024782619111339575
152,-0.019183257583036708
153,0.06364716337666121
154,0.041123579978639295
155,0.027226838200642485
156,0.05040755477000956
157,0.023763806020444138
158,-0.07404525029248185
159,-0.06906117640370926
160,0.02996623112803572
161,-0.03621928008330428
162,0.003043200204363183
163,-0.07481510909987343
164,-0.0236663144458902
165,0.04555478476889026
166,-0.05774219078861534
167,0.002898942314842821
168,-0.025759777286338822
169,0.017429602672652443
170,-0.04592395699947835
171,0.018583226186369872
172,-0.016885164421146497
173,0.06226014891150438
174,-0.006913101304301663
175,-0.034204619860722096
176,0.04684267924455004
177,-0.015846996583860247
178,0.042652382945257014
179,0.03750829311620731
180,0.0005302171816775947
181,0.03292124937361486
182,-0.04533489628061003
183,0.018273587908286777
184,0.0359803634600506
185,-0.023402295210332564
186,0.010540393224979329
187,-0.04069320894552729
188,0.05492242393341323
189,0.030613440798506687
190,0.0038154660207589636
191,-0.01821258189100171
192,0.02176142497594234
193,0.010808176490450547
194,-0.011003960206977798
195,-0.011759828131665612
196,-0.013901779087048228
197,-0.07053065274076921
198,0.005358053418309037
199,-0.024594920863273546
200,0.0632347268152537
201,0.003748348835113213
202,-0.0022294959464342714
203,-0.027163102897791887
204,0.05650986724252121
205,-0.0015902415451313043
206,0.027174254590293146
207,-0.0341697850172798
208,-0.005262296437998396
209,0.05971823817809652
210,0.014380401928840946
211,0.028227526345711816
212,-0.042587404852790826
213,0.020144919701597895
214,0.0022631404860345445
215,-0.017984649766245284
216,-0.003009094373158716
217,-0.004173262512800189
218,0.023049702624419032
219,-0.0568299107345261
220,0.03666233774134775
221,0.022170317194373772
222,-0.0668007739556496
223,0.02627291963558324
224,-0.05530417321348615
225,0.030561350646931627
226,0.006618800918239253
227,-0.052596898917630926
228,-0.04902108179914247
229,0.016008957142595683
230,0.024364647092419492
231,-0.02460888218741941
232,0.007038823370150303
233,-0.06056674196264506
234,-0.03935073773317999
235,-0.01446407226611765
236,-0.009622548225843354
237,0.006447338617294187
238,0.020534905609823108
239,-0.027931872811025507
240,0.05011140027636161
241,-0.015742092446996953
242,0.01993547134838851
243,-0.019394958146078747
244,0.046314731358788025
245,-0.007460797050434866
246,-0.023154445028749825
247,-0.015218878764462622
248,0.0360348589128611
249,0.051982224373222446
250,-0.003939140213126852
251,-0.013230497062176615
252,-0.01083893323903934
253,0.018526716717816676
254,0.06541858334625163
255,0.016845818961343743
256,0.02515693464822347
257,0.02993591484789225
258,0.10376203306997495
259,-0.030705715191165696
260,-0.001675359004401537
261,0.10062829058936483
262,-0.0178720172110761
263,-0.029486666257424583
264,-0.014701403413868623
265,0.024940424820366344
266,0.010671329883950201
267,0.022036491040493912
268,0.01279161105557766
269,0.014254124362399728
270,-0.005049180467802525
271,0.010850246738328864
272,0.02978283218371607
273,-0.02897888842481609
274,0.0012552730577008613
275,0.054247177395502236
276,0.06037254606414677
277,0.011269148816840859
278,-0.009190140778137918
279,0.048635405017783795
280,0.10693374628769
281,-0.015246584008244203
282,-0.03335304792897602
283,0.0453080000240759
284,0.02545801640789573
285,-0.019051917621502795
286,-0.013377605338416738
287,0.016568770687446683
288,-0.05743386867685339
289,-0.0002795927520475306
290,0.0022711010970957756
291,0.009172801523372628
292,0.006802030151271971
293,0.036054481577977034
294,-0.0458622684193001
295,-0.021524233582522905
296,0.03261894786804281
297,0.07922681228454179
298,-0.011023304125110852
299,-0.04182824022228315
300,-0.05085737758508939
301,-0.03779530868777214
302,0.032841135790884456
303,0.026180941422893345
304,-0.0350985297597695
305,-0.017567650219744563
306,0.07432274395540969
307,-0.01817404152417499
308,-0.07498784420489683
309,-0.008537392391793087
310,-0.04050737091099272
311,-0.010297862135442131
312,-0.016778934812219117
313,-0.06940307306440736
314,-0.039095845390974326
315,0.023646343666731708
316,-0.010215790992338237
317,0.033238069754225406
318,0.028118051773925345
319,-0.0412736035533838
320,-0.028318093704586923
321,0.010867534531840972
322,-0.04160798551905482
323,0.018369082475465467
324,0.020348050700069478
325,0.037511195685976086
326,0.06550808414141777
327,-0.02408311364859995
328,0.029247552074199903
329,-0.043152063625477945
330,0.020833742118793363
331,0.02161097767599475
332,-0.027959297168219457
333,0.010368012947889096
334,-0.0034717490024105562
335,-0.019664789339829774
336,-0.02255151069302765
337,-0.026546409950538648
338,0.01448690369374763
339,-0.01661373724688481
340,0.0408591262568348
341,0.01959173824616326
342,-0.05724390697444539
343,-0.015169497707150592
344,0.021745761899111822
345,0.02742716455147971
346,0.009416682000757648
347,-0.06843537334996311
348,-0.017992955121257974
349,-0.007297829017825337
350,0.0324643771529642
351,0.0007425643488485533
352,0.04882814477335873
353,0.042631666492809216
354,0.03729829434994574
355,-0.021088698112924225
356,0.11309150310895222
357,0.020128709938333315
358,-0.004441771114729932
359,0.004530276120358926
360,-0.016864191422011832
361,0.004888249620417551
362,0.02360542969678434
363,0.038677409646208194
364,0.0051606590831752615
365,0.04177851858996959
366,-0.07957435697212752
367,0.03251536483658878
368,0.026684849684531626
369,0.06190485346937536
370,-0.027799949693138915
371,-0.035190748373989875
372,-0.02050865387257016
373,0.04673448813897809
374,-0.016935778513359125
375,0.023662711080323643
376,-0.04124838592881888
377,-0.05598014487336705
378,-0.009563066553624504
379,-0.05727142822280183
380,-0.04460271756945044
381,0.03450331846188718
382,-0.006096744190246494
383,0.05036551772360955
384,0.042339648125240714
385,0.0030656396186326583
386,-0.00791047000151008
387,0.003687213414373673
388,0.00561764726619088
389,-0.033954455383603165
390,-0.01322129448847439
391,0.04200595445942719
392,-0.033435023592957525
393,0.0026190832816035074
394,0.01244198400867167
395,0.019118751268322524
396,0.020885151544447034
397,0.03816261110196731
398,-0.06175920121927528
399,0.0022300273451999284
400,0.04507197341979269
401,-0.0032439850514594326
402,0.00476850306495174
403,-0.02764449548385027
404,-0.015018337155574468
405,0.033781756525564324
406,0.021014433803250663
407,-0.012300739407065244
408,-0.03618708129329278
409,0.04018201101990474
410,-0.03672839139636573
411,0.010676967717520403
412,0.028548703196331106
413,0.020727815265836384
414,-0.004524262373679101
415,-0.005150319083449436
416,0.046564492062881435
417,0.008182784607568997
418,-0.01406110910906737
419,0.0688671858017007
420,0.023804244742268513
421,-0.029259065762209574
422,-0.03016159389900953
423,-0.034585860736639974
424,-0.027410553961944372
425,-0.02685964432383225
426,-0.01365025552472213
427,-3.3327225132816945e-05
428,-0.010191881174325304
429,0.00910320085043452
430,0.0033810245122320916
431,-0.03181466830825854
432,-0.03133599992704321
433,0.027171894236584872
434,0.03462651597069856
435,-0.043054342032654895
436,-0.008968095553299719
437,-0.016350896507136715
438,-0.023505939390044667
439,-0.023999385669831515
440,-0.03583813171934475
441,0.017553396273190715
442,-0.005470197252733857
443,-0.01834250830055027
444,0.004199716334273012
445,-0.03948291257710785
446,0.01894334473489234
447,-0.005462426301121034
448,0.04029638379714879
449,0.012880099277719975
450,-0.053134580945924714
451,0.059600433044721804
452,-0.024922133476090787
453,0.06450891223015313
454,-0.0366773417967472
455,0.05216640998010598
456,-0.038705935016661634
457,-0.0015342548606880003
458,-0.05679144380952271
459,-0.010703508239826881
460,0.029192808909458242
461,0.05504495154282241
462,0.014167577957224743
463,-0.0020749377273796255
464,0.01177443572619235
465,0.007990318497287499
466,-0.01866438980316039
467,-0.0059509975894350906
468,-0.004164303536279176
469,-0.008876754742581545
470,-0.03297053383962669
471,0.004035765372288157
472,0.011458673246508995
473,-0.03721633487258882
474,0.013585506184568857
475,-0.055832623177719275
476,0.04260873034539862
477,-0.001022035854332108
478,0.0014690875828733561
479,0.03945318060796374
480,-0.04736213353644154
481,-0.009959983987153058
482,-0.07240899915246772
483,0.018947586589475835
484,-0.04455852078679616
485,-0.040937531206384714
486,-0.012262048760564834
487,0.0016759011784530896
488,-0.004357581487742209
489,0.026347305064775305
490,0.0032555611698489146
491,-0.00840414404845097
492,0.03224750933532124
493,0.023699973564735598
494,0.014942994738036808
495,0.00989368504585265
496,0.03923529929122752
497,-0.015320581698997278
498,0.05608269988866529
499,0.01768744385950582
500,0.002069171015678762
501,-0.001127078130038464
502,0.03048952686421311
503,0.013666107070718216
504,-0.06963085323085068
505,0.014861946283719823
506,0.05512161579507921
507,0.025337221402416975
508,-0.04483058888631782
509,0.028204955140752577
510,0.0124417363481286
511,0.01705406577813787
512,-0.012363088688577759
513,0.013175204468409085
514,-0.014651593221148696
515,0.04335985280607701
516,-0.03803786773127932
517,0.028631489335741774
518,-0.016160699688658218
519,-0.03651016305355156
520,0.019542967037083355
521,-0.004622705722344732
522,-0.01141563844441697
523,-0.02000279491952268
524,0.01529950634522937
525,0.02270451457285122
526,-0.04594967185642427
527,0.031231579241766772
528,-0.0348295439794972
529,0.013062329210058595
530,-0.001350374305428127
531,-0.0403953201807219
532,0.0691806966041431
533,-0.017688562697744263
534,-0.016883899655712038
535,0.009229794524046167
536,-0.001111276081350772
537,0.05735936731766214
538,0.016497530841640917
539,0.06238140951794478
540,0.0030417365191189143
541,-0.026237509070587813
542,-0.0006004049183464786
543,-0.016845933109954466
544,-0.020271470994295618
545,0.026742111545407423
546,0.04740533006704922
547,-0.005243615923199658
548,-0.06986561566874791
549,0.015221853932305357
550,0.04729810845650297
551,0.02664981981859497
552,-0.023763809681959295
553,0.052917284073675436
554,-0.024494587754576004
555,-0.04155612994304504
556,0.002597479426193992
557,0.04623878446045872
558,0.013168740057951569
559,-0.019906364806776176
560,-0.009212824634610824
561,-0.0026627786757594755
562,-0.020134329017254298
563,-0.016124291902276718
564,0.012700269938258188
565,0.00765528571347982
566,-0.009754651272405417
567,0.002843487525586061
568,-0.015616932411967474
569,0.007322073351677216
570,-0.015328525615129332
571,0.07240684543887879
572,-0.009362415935913857
573,0.049171636675409754
574,0.031715474911190304
575,-0.012735804050528363
576,-0.004041725088770775
577,0.012980173343934743
578,-0.00499631351517465
579,-0.07080741698339653
580,0.03831445985040777
581,-0.0002332696569889941
582,0.025301414231300376
583,-0.02641345023428519
584,-0.019371434722827128
585,-0.009520455207118394
586,0.029192735874724627
587,0.06820023534778273
588,0.0201519047134179
589,-0.04205995218005445
590,-0.022448282066386802
591,0.027356110956373664
592,-0.019405918780713988
593,-0.04306831822014308
594,0.020182232528467837
595,-0.009972981037004452
596,-0.011973220806776937
597,-0.004950344613143526
598,0.02032760450058075
599,-0.015135019768511266
600,0.04066885908462996
601,-0.01809289176032567
602,0.005229567136811882
603,-0.0277762539005749
604,0.017360399911358754
605,0.061548569489564886
606,-0.00955123630848519
607,0.004475804486164622
608,0.004419558529783098
609,0.036930979305844144
610,-0.027865713042300632
611,0.03625095320904357
612,-0.007119609156911546
613,0.05007555359546642
614,-0.029934227584107152
615,0.0070269934100563175
616,0.009045273773825885
617,-0.03708204083912376
618,0.014344888809487682
619,0.007402724367876344
620,-0.011424233542256346
621,-0.0008342530319905518
622,-0.04395372397945924
623,0.023280068269670228
624,-0.011282159224011781
625,-0.0320597065296495
626,0.03900754906777171
627,-0.037313983339244836
628,-0.027673359395754348
629,0.032956448447631945
630,-0.005683116609600084
631,0.0651043461101305
632,0.021496388080144476
633,-0.0589958409899156
634,-0.03176193573561133
635,0.006424273169671103
636,0.03362157262577924
637,-0.03026011480947333
638,-0.014312874572899327
639,0.02482083123108946
640,-0.024538514578436147
641,-0.009283111992129802
642,-0.04570280845612964
643,-0.032458823292993905
644,0.039100156377617
645,0.021062102223732893
646,-0.10256804663386397
647,-0.0024029141048013073
648,-0.0708955015764553
649,0.0028688285578387248
650,0.024347343953679223
651,0.041749288575780266
652,-0.013896929670198366
653,-0.054164813237893565
654,-0.043611645998313006
655,-0.005096102186487187
656,0.014912594751932656
657,0.035425844370071485
658,0.05690244592255185
659,-0.03789763163273174
660,0.023431553676162745
661,-0.0270850182787708
662,-0.02126398850501512
663,-0.03485656349746772
664,-0.036823892082955105
665,-0.036581084370503524
666,-0.015093507302021835
667,0.014173491762545783
668,0.04704009750223483
669,0.0444810456515438
670,0.001310012205750637
671,-0.00441620791026187
672,-0.004401529611536647
673,0.03240958936203116
674,0.03588044404407973
675,0.04700635691818172
676,-0.035705763120340295
677,-0.00033780999143333956
678,0.01608127259541915
679,0.02606073767710367
680,-0.0005317814822127858
681,-0.01236979498270673
682,0.012524230133333857
683,-0.08675540979714196
684,-0.0018548133463134285
685,0.03589967044638823
686,-0.023132699708632205
687,-0.06300211928777982
688,0.07668264849564432
689,-0.03283937559931893
690,0.039062296988253926
691,0.03431812292205069
692,0.039863324693196346
693,-0.08789973534054837
694,0.01883313373970001
695,-0.00615284696237385
696,-0.0037170629526670014
697,-0.05573201471323105
698,-0.039394380943373976
699,0.007010183490586168
700,0.018735144354242044
701,-0.002327444701179914
702,-0.06097570783341394
703,0.04145461704220501
704,-0.014067951664500481
705,-0.04557550568077099
706,-0.03032032141902525
707,-0.008671488990359228
708,-0.028053434056551887
709,0.02008996244377515
710,-0.013088527567291274
711,0.021499052770688924
712,-0.07500300569792548
713,-0.0031215461456940985
714,-0.009700108195382246
715,0.0023789861121840993
716,0.05763180585722243
717,-0.025083797469230236
718,0.03463494518601976
719,-0.02233498128923795
720,0.024666564589283912
721,0.04102044928780641
722,-0.030652183166929647
723,-0.032659084082030866
724,0.06033232716671859
725,0.007596043216373183
726,0.0495338180532936
727,-0.00900719197695531
728,-0.04958973432621588
729,-0.035762929868719276
730,0.006895696125114212
731,-0.03624134487856805
732,-0.06095793561590794
733,-0.016886953354268812
734,0.044618597215943454
735,0.037942596776817585
736,-0.04589546701873076
737,0.025624570423855436
738,0.007686080147127462
739,-0.04114407641829071
740,0.015110973357311942
741,-0.004043867550483624
742,0.003913652323863564
743,0.0637429266554805
744,-0.017181266123899103
745,0.026274685426664644
746,0.008292667732281604
747,0.014883167620725347
748,0.016133206856439486
749,-0.00693353912476174
750,0.03286902704209051
751,0.0284517737154941
752,0.03227819807830059
753,0.02376221393314438
754,0.036114706567993635
755,-0.05160274280608322
756,0.012516583357654116
757,-0.01524686096174282
758,-0.02073600806785986
759,0.017562142400357538
760,-0.002337697206458693
761,-0.027297146824827076
762,0.05099263702775105
763,-0.002883865510227808
764,0.03649204678064492
765,0.000450170130528749
766,0.005055268385792677
767,-0.02427904629077761
768,0.0015581022379246722
769,0.05477701626072109
770,0.03218595879796812
771,0.01748781277277814
772,0.006041524807013478
773,-0.01897338971955974
774,-0.02307132326338531
775,-0.012806530847548039
776,-0.02717117938602725
777,0.00452807768888607
778,-0.011735288224966813
779,0.04362829496345192
780,-0.049245419676465924
781,0.026088915786361494
782,-0.02835388536962413
783,-0.0032792127394531147
784,0.04072041583796964
785,-0.03777436403822877
786,0.0020973310976405684
787,-0.05223982689659293
788,-0.01153327602437722
789,-0.00954344728688274
790,-0.00693231528887481
791,0.025686981167026682
792,0.06068097794784418
793,0.06789822466166319
794,-0.010753678783969876
795,0.04350050036832792
796,-0.004808779578725979
797,0.020752982284578107
798,-0.007017019176837543
799,-0.01355081279188622
800,0.027788462175552097
801,-0.016296604719611134
802,0.010087927369393644
803,-0.03241577269523694
804,0.028208603892488755
805,-0.0030496607532674055
806,0.04766615910013972
807,-0.020377967427503533
808,0.046791812031177736
809,-0.026377546262588123
810,0.01882599897391066
811,0.004850287369892199
812,-0.0075521790121519106
813,0.005826338641792366
814,-0.05147089209299481
815,0.00962765029987544
816,0.05706717149119526
817,0.011905923352994698
818,-0.02812959611694073
819,-0.009897641799215222
820,-0.019752562737559123
821,-0.008849672285097913
822,-0.0019026404047563228
823,0.011483778996592007
824,-0.015489536636234655
825,-0.02094029186558754
826,-0.027371481939376628
827,-0.0008926698934293463
828,-0.04856502109029054
829,0.07065830666322527
830,-0.008925367498052549
831,0.026031188847912997
832,-0.010179151178022925
833,0.08122721653566692
834,0.02516692169116165
835,-0.007411072810859479
836,-0.021133604016153325
837,-0.08157371947994808
838,0.012303284032077496
839,-0.007444239232920162
840,0.044718125573202726
841,-0.012453756198313603
842,-0.03072576196822792
843,-0.041563490747289725
844,-0.025202218072753732
845,-0.025999484488436232
846,-0.09611015709462908
847,0.05201886772808031
848,0.006774615696803881
849,-0.0006516498519425369
850,0.019552995368308422
851,0.009917040845293322
852,0.03563859665242179
853,-0.005379051321762218
854,-0.04542409603641867
855,-0.006965234983707581
856,-0.05934668313876512
857,0.028789242342115134
858,-0.026713715181189656
859,-0.0914382423507637
860,0.005101032368689369
861,-0.03710668272348188
862,0.014456758764111913
863,-0.013641913467501482
864,-0.01905179429503964
865,-0.0003744139913955466
866,0.05738656142790074
867,-0.0234081098192016
868,-0.05720329231287407
869,-0.05170592463622072
870,-0.007260071193545843
871,-0.03205200571759742
872,0.002324821742963755
873,0.0069447550012938335
874,-0.0020191287130171785
875,0.014996506205553662
876,-0.03946849037541248
877,-0.04390792975258159
878,-0.02524971697300412
879,0.01912101170976525
880,0.02183678346811647
881,-0.01831917733962078
882,0.004728677781310363
883,0.02797458512780361
884,-0.0002940703549452157
885,0.008077300581991733
886,-0.026088367446710146
887,0.019939388569181576
888,-0.011547397045842976
889,-0.027097924543348632
890,-0.010094779319693409
891,-0.04538163773555035
892,0.03610040134800855
893,0.015038315414115174
894,0.009139997112945721
895,0.01827440315764149
896,-0.019257345970881547
897,0.02752717523304797
898,0.006173903348683135
899,0.013322222488329856
900,0.0019998648991023096
901,0.02384575245694167
902,0.004369133761927107
903,-0.008854209731097632
904,-0.06752352424313425
905,0.010918570597228347
906,-0.03302138324278881
907,0.029963561777428333
908,0.015904807729151878
909,-0.0206740342131167
910,0.05604708040735871
911,0.010979749067356185
912,-0.022173219707155432
913,0.03626408201353954
914,0.07729234428846125
915,0.04671959977790315
916,-0.005277443454004838
917,-0.048323295526093824
918,0.05325673381122149
919,0.016291231665656623
920,0.012262647920351677
921,0.03612632867855777
922,-0.01810739501157896
923,-0.031938106038384
924,0.006547699718625574
925,0.029344244520239034
926,0.053928945557539805
927,0.019982943461748642
928,0.02675655008640656
929,0.04881922791407547
930,-0.006012600073915816
931,-0.00686888879393609
932,-0.04922993184982616
933,-0.01212187728649613
934,-0.05993034585767646
935,0.022159044526442077
936,-0.035976184852567365
937,0.011479349756081794
938,0.0056733218856835415
939,-0.01991806411965854
940,0.0476537569187503
941,0.024629702477406794
942,0.05391711466877134
943,0.04420027486745307
944,-0.0035847240813519318
945,-0.004177509269135192
946,0.004156721659852365
947,-0.017614617905222188
948,-0.023990162958700496
949,-0.048770129547337296
950,-0.024707985627501504
951,0.0005591441408471348
952,1.1276540315049706e-05
953,0.0271066451769878
954,-0.023623036531219957
955,-0.036844134968414724
956,0.06329918405420062
957,-0.014248710860376481
958,-0.001043122859302199
959,-0.04851110415888857
960,0.01572779154077705
961,-0.021320327012736815
962,0.006796332057084099
963,-0.006499131523552267
964,0.002706336872061025
965,0.046536960937618194
966,-0.0069265035314037705
967,-0.03914155385604086
968,-0.022932075779102015
969,0.021897092742495884
970,-0.009603978961406526
971,-0.024801974348963838
972,0.006893727870471743
973,0.020107195009850122
974,0.00836420581598187
975,-0.004293648691594791
976,-0.010449106288343597
977,-0.039629552069485416
978,-0.008945389761689838
979,0.0006945368269590001
980,0.015977412213979084
981,0.029665866501296496
982,0.035119654977925074
983,-0.030871396768226245
984,0.02556565991043504
985,-0.03578503445221823
986,0.013624321476751775
987,0.0001863542981474874
988,0.01614481443816468
989,-0.018550519109817035
990,0.022696553797416606
991,0.0027567056998883894
992,-0.031541939418108254
993,0.06684306673096384
994,-0.026218769582666498
995,0.003076587382426807
996,0.008854103626367318
997,0.011289984996918344
998,-0.03974590113175484
999,-0.008135559625327077
1000,-0.02113715561072762
1001,0.035298527946677455
1002,-0.026140601224221714
1003,-0.003687402929720989
1004,-0.004670794093876027
1005,0.022935028227494887
1006,0.03786672700626783
1007,-0.03445289704144929
1008,0.006695289985712599
1009,-0.0431519884793408
1010,-0.004113867963141014
1011,0.013107392806220053
1012,-0.019127723077391537
1013,-0.007661878654752232
1014,0.021337459187732492
1015,-0.03401113068589004
1016,0.005397930889952778
1017,-0.000433564396567455
1018,-0.013658938884906897
1019,-0.02021709521464046
1020,-0.03329786128772283
1021,0.025952532530167507
1022,-0.0044542888767364185
1023,0.02457142181629704
1024,-0.0013934499789029257
1025,0.0389817271420646
1026,0.01217645504506518
1027,-0.005327381753537954
1028,0.05632710726044208
1029,-0.00015226752886425717
1030,0.014158455901119046
1031,-0.006200764194975034
1032,0.035329392809432626
1033,-0.009880491034302647
1034,0.014271546070770838
1035,-0.02272896086938346
1036,-0.027060348980943488
1037,-0.005911719821831908
1038,0.003008421191777023
1039,-0.00030984997539482676
1040,0.01657918944678784
1041,0.007064380449532796
1042,-0.028879251598900826
1043,0.022427551287191164
1044,-0.047692883809932654
1045,0.026818471028863738
1046,0.029915103415835323
1047,-0.03204022403311568
1048,0.0013318806291676387
1049,-0.05424563813565423
1050,0.017985511148177705
1051,0.05075325361188407
1052,-0.04192100736992625
1053,-0.04238940098124199
1054,-0.004964082574561224
1055,0.028740941661459532
1056,-0.005118768975378575
1057,-0.004059007748575773
1058,0.016619178301728956
1059,-0.0076350821163110915
1060,0.017153245913676705
1061,-0.03259483870504781
1062,0.00817732869089026
1063,-0.024876221305702873
1064,-0.022165923964291057
1065,-0.02025922237599899
1066,-0.060988613751647436
1067,0.04372293443917413
1068,0.03390502582571611
1069,0.008076794320724568
1070,0.07294669352415237
1071,0.04205748899876796
1072,-0.04989770702145635
1073,-0.06688945863228528
1074,0.015727713536234627
1075,-0.007655467053382199
1076,0.0027612866261858323
1077,0.017917361990248723
1078,0.029013961818452633
1079,0.022546283061906897
1080,-0.016749909074793626
1081,-0.052622350265723934
1082,0.046150410342838004
1083,0.000452150071400786
1084,-0.0029151673314683417
1085,0.019820134120108177
1086,0.0021781386435704856
1087,0.06574993540380863
1088,-0.05297081009119458
1089,0.004735851196518403
1090,0.04595277142266305
1091,0.09498009136907609
1092,-0.04666772233500123
1093,0.027719300782504896
1094,0.07270181350940041
1095,0.02081739444653217
1096,-0.01932709033750628
1097,0.01942213852567639
1098,0.01458496381816605
1099,0.028315885794425465
1100,0.037777280043114404
1101,-0.051325052139628465
1102,0.005814397093891484
1103,-0.022805192609208966
1104,-0.025488384901207747
1105,0.006556186956782127
1106,-0.029960980046327006
1107,0.04629893301589021
1108,0.04291098658471025
1109,0.055508785723663676
1110,0.03893124851229457
1111,-0.049887662983124255
1112,0.010197336085062028
1113,0.019399838398399344
1114,-0.014039458733535742
1115,-0.012553565097551365
1116,0.0015428460721448412
1117,-0.009577023151847197
1118,-0.04506326853853064
1119,0.007853329517129986
1120,0.007097302108754732
1121,-0.003829440768770933
1122,-0.007424563429785106
1123,-0.01161463632845487
1124,-0.03213338390077444
1125,-0.02097740007989167
1126,-0.05615059599295496
1127,-0.005862322102977683
1128,0.012011362390329575
1129,-0.006746167449441152
1130,0.02776157955803394
1131,-0.036735719649479526
1132,-0.001639942475606456
1133,0.0006236684978198981
1134,-0.006882975151199411
1135,-0.031561918634322214
1136,0.040016682509541296
1137,0.020265846565013602
1138,-0.028347394842525783
1139,-0.03411351066011699
1140,-0.011262129327515864
1141,-0.0389466838844997
1142,-0.023900421430406344
1143,-0.02425253981350624
1144,-0.022527537354450188
1145,0.016525152421009746
1146,-0.013218667633528846
1147,0.057134521351981896
1148,0.04525723373562292
1149,-0.007483150815963996
1150,-0.018737567428063064
1151,0.004639262837682729
1152,0.04025482717439828
1153,0.03253788862582042
1154,0.0015135062050024898
1155,-0.0884659456501289
1156,0.0792370968782734
1157,-0.017025119563743685
1158,0.009042451913152855
1159,0.05630266749960788
1160,-0.016518892056687686
1161,-0.013927368131357087
1162,-0.01958169596965813
1163,-0.0010071656857240094
1164,0.022810880555928826
1165,0.025588471485768306
1166,-0.014206433273827472
1167,-0.02163494367632859
1168,0.08502964942526782
1169,-0.010085839195925976
1170,0.03443132505570222
1171,-0.0001356285062902011
1172,0.027229597767146774
1173,0.03478793327951927
1174,-0.0241801694239693
1175,-0.020623021940249894
1176,-0.049285034770756374
1177,-0.035784407182634634
1178,0.0017926676752390578
1179,0.01346016420879989
1180,0.06639911184088798
1181,-0.05725500357690065
1182,-0.009779624957487937
1183,-0.015352464479942088
1184,-0.014233379959942158
1185,-0.04663204470805727
1186,0.017220750968142025
1187,-0.0002978913020839198
1188,-0.020701128175077684
1189,-0.011303756230880774
1190,-0.039623659114084664
1191,0.009205520114677483
1192,0.0022840601173111526
1193,-0.024266636313951564
1194,-0.05121939972155547
1195,-0.09314262576449561
1196,0.003790516764376634
1197,-0.008231724264985283
1198,-0.02083899049364986
1199,0.07180919278544075
1200,-0.014176424213848158
1201,-0.013557164692554252
1202,0.010880787803217917
1203,-0.08912685526142712
1204,-0.026356447830026504
1205,0.03958142941855244
1206,-0.06309122617619224
1207,-0.04902872554785231
1208,-0.03868493954027359
1209,-0.00034387037921821805
1210,-0.03712782627464977
1211,0.0044744896915934525
1212,0.012671293214663868
1213,0.015135125037778644
1214,0.022147502500388053
1215,-0.005290583831376715
1216,0.005574266272020178
1217,0.008612023108115926
1218,-0.018753793141289984
1219,-0.0240981675478038
1220,-0.011595297787723738
1221,0.07834188881144562
1222,0.009738860493269755
1223,-0.02961175122294731
1224,0.005947432708173364
1225,-0.02298827213321675
1226,-0.03185787426684314
1227,0.03720650133967697
1228,-0.01412971365243978
1229,-0.029903139629244527
1230,-0.01385577768748013
1231,-0.001132004483450593
1232,-0.026809179413347605
1233,-0.011514239367784819
1234,0.0026863435760944967
1235,-0.015410094283170877
1236,-0.0069238535380437005
1237,-0.03483231838667685
1238,-0.0029165242695909114
1239,0.014796042355212967
1240,0.013451342502062393
1241,-0.03354109247354281
1242,0.0025640752406089185
1243,0.019449380981258764
1244,0.012364566313576138
1245,0.030857064638222485
1246,0.07066207883315664
1247,-0.013641585586334347
1248,0.007538346381328878
1249,0.0038221952685581003
1250,-0.008132813529772784
1251,0.02663523875665913
1252,-0.00784052973457126
1253,-0.012681796460042272
1254,0.07969550718123343
1255,0.01160740958849131
1256,0.015282007107487058
1257,0.007724824484910825
1258,0.024239956990429683
1259,0.016243498422269336
1260,0.04893655862387158
1261,-0.009026964625216002
1262,0.014576975015341097
1263,-0.0348703904495816
1264,-0.060797048494981666
1265,-0.048936503990873154
1266,-0.038341665181657957
1267,0.017095994391582603
1268,0.057022968824403136
1269,-0.035501027284965736
1270,0.00749200358848553
1271,0.007958420444230086
1272,0.023610882431665328
1273,-0.021308129455299224
1274,-0.005794516816032701
1275,-0.019063378236010044
1276,0.06179629878744571
1277,-0.026734865688177307
1278,-0.013662952814910721
1279,-0.056119152396459884
1280,-0.028247522934195513
1281,0.03832301182855911
1282,-0.004277317857684794
1283,-0.02191810114983895
1284,-0.04707405511400567
1285,0.023556883322847635
1286,0.060305398855678385
1287,0.05007683275130215
1288,-0.04311785411896877
1289,0.040754097769704796
1290,0.0012741764797989156
1291,-0.015432648108875187
1292,-0.024934686052128098
1293,-0.07150012733100893
1294,0.013756478030935153
1295,0.004729934491140736
1296,-0.052381558150484855
1297,0.037195473531064026
1298,0.003403919838231477
1299,0.026298826340870145
1300,-0.025239798088246133
1301,-0.049189143916847665
1302,0.04712940124884506
1303,-0.0047295355083062296
1304,-0.022438767783610016
1305,0.0315174236896752
1306,0.03868999316208136
1307,0.02868512884296074
1308,0.022224248500107107
1309,0.025694116311583116
1310,-0.021126232215584826
1311,-0.0589470456734696
1312,-0.07831975411593838
1313,0.017689776611151325
1314,-0.060600362960262555
1315,-0.061512644934269806
1316,-0.05674066644577395
1317,0.03311318198577931
1318,-0.03381672070571242
1319,0.0052815567958422694
1320,0.024828909917103584
1321,-0.010346900825362345
1322,-0.021606666428393564
1323,0.034778522490733016
1324,0.020646980551308963
1325,0.05519543110614597
1326,0.034075156066771445
1327,0.001186940981581644
1328,0.017984418201129723
1329,-0.05672475987742532
1330,-0.008148118273914316
1331,-0.05984682975992903
1332,0.01866451394307922
1333,-0.03587993537295756
1334,-0.018733375587984914
1335,-0.017874329104753617
1336,0.0005378466883414284
1337,-0.012240870486169963
1338,-0.03618462013902327
1339,-0.0736434740121444
1340,-0.02239803201425456
1341,0.026895178893583747
1342,-0.014829825512900569
1343,0.005223418254169927
1344,-0.005481984875727059
1345,-0.028796299123621392
1346,-0.05035823417760444
1347,0.007271991825302635
1348,-0.042643662243018216
1349,-0.001894686312899119
1350,0.047795964954987086
1351,0.046164850156854266
1352,-0.0578029258208323
1353,-0.003563573307395736
1354,-0.040611895919566945
1355,0.027705155095720493
1356,0.016145935378147923
1357,0.010410194667388921
1358,0.05174162768586947
1359,-0.0013152133571270326
1360,0.055925121314749214
1361,0.0036545160689749672
1362,-0.007117212888099859
1363,0.012882014694545463
1364,0.007678800869956741
1365,-0.03062541238206394
1366,-0.021527059389316493
1367,-0.018245048689267657
1368,-0.03839315472656926
1369,-0.05265566956822439
1370,0.022091129866227896
1371,-0.03757553563844793
1372,0.009418970587337459
1373,-0.020400782703529
1374,0.0379425055919735
1375,0.0192279210782414
1376,-0.01836726690047458
1377,0.016718321845634574
1378,0.029135952994624584
1379,0.02535832176701157
1380,-0.007353298642969911
1381,0.03967044463791521
1382,-0.013025895328026475
1383,0.019736651192664705
1384,0.012720794068136915
1385,-0.0064967000617841345
1386,0.004359296980210541
1387,-0.008928559402218067
1388,0.025647332873752544
1389,-0.013003682356602484
1390,-0.0364165222385005
1391,0.018433729582938072
1392,-0.00624911039482377
1393,0.005895644942560717
1394,0.027144283227804218
1395,0.07611584373838738
1396,0.029710191229470564
1397,0.06459038102687456
1398,0.014338656335575399
1399,0.01602877891506376
1400,0.04464063680372498
1401,-0.0015601298975312324
1402,-0.0043808826241756044
1403,0.0603514411967792
1404,0.032734056422705556
1405,0.02303779472970313
1406,0.00174341203204018
1407,-0.0077416356280339505
1408,-0.0486387188032566
1409,0.03133737302001802
1410,-0.003180149641807457
1411,0.001735850300810382
1412,0.012956712029846959
1413,0.0003873098217484542
1414,0.020615340714585983
1415,-0.016628081584513003
1416,0.037502036014741745
1417,0.05385519313723513
1418,0.04864989130196479
1419,0.010085122375780927
1420,0.04118078986257313
1421,0.05329970947353226
1422,0.00672764641132831
1423,0.013831622607100146
1424,0.025826135345696156
1425,0.01937623018779527
1426,0.04092948973015578
1427,0.0032630909281455905
1428,-0.009359448749673911
1429,0.018425886534154154
1430,-0.01817137200751463
1431,0.053028056932772766
1432,0.05108300015213414
1433,0.015415406561367332
1434,0.005630652122782308
1435,-0.02979872519876534
1436,0.06709283777442344
1437,-0.0035391893770880148
1438,-0.01985994908863093
1439,0.04063186018620014
1440,-0.004982548194603191
1441,-0.015835686827435934
1442,0.011142208696399154
1443,-0.038830309204449874
1444,0.010875560546876545
1445,-0.006042573013586268
1446,0.016346671021016532
1447,-0.04977066515695362
1448,0.008426294440461514
1449,-0.038372916219009436
1450,-0.03571482691137024
1451,0.011093307401470099
1452,0.015908846076210816
1453,-0.026758457126790283
1454,0.05301445845482626
1455,-0.007675543369024674
1456,0.022229453551214987
1457,0.03628946159396971
1458,-0.008659756280567244
1459,-0.027093517576811943
1460,-0.006921222632231232
1461,-0.005572209345997406
1462,0.01509659426893668
1463,-0.039952466516893645
1464,-0.014654939029420857
1465,0.02679086868442285
1466,0.04881567440403936
1467,0.013674378111535948
1468,0.03074109110959781
1469,0.037869967867084665
1470,0.004425452379117969
1471,-0.012542978729166088
1472,0.010213886384075485
1473,-0.055263929885063005
1474,0.002895528427964149
1475,0.021239175848275615
1476,0.05291566369859839
1477,-0.020271427082226318
1478,-0.0025725512555492052
1479,0.02818933479265042
1480,-0.04342018314334624
1481,-0.0047662439076289415
1482,0.011203737289287242
1483,-0.03656831399093277
1484,0.05192559681407044
1485,0.017973284337320986
1486,-0.022901985899817092
1487,-0.0071153179422671214
1488,-0.011821819291828137
1489,-0.008210523356932623
1490,-0.048555995651961524
1491,0.06712509355347791
1492,-0.014772269470807101
1493,0.0005271092806633735
1494,-0.007082893248921811
1495,-0.02754991145111312
1496,-0.0350386981968311
1497,-0.05794047459235648
1498,0.02519633415494012
1499,-0.01535350058140639
1500,0.029182092788214712
1501,0.041771619637926624
1502,-0.004376126549034405
1503,-0.03136229364457415
1504,0.050293069496805745
1505,0.03668192809378056
1506,-0.01374969978425835
1507,0.015313520998523476
1508,-0.004327802492976914
1509,-0.03170335840938461
1510,0.06366230744458767
1511,0.015446225398102798
1512,-0.02574567369024268
1513,0.02243351121435226
1514,0.02900130676237581
1515,-0.013266499610619405
1516,0.028247090805259237
1517,0.015493985699165694
1518,-0.021899789367735154
1519,0.022833031973863056
1520,-0.002435595132852016
1521,-0.022736522011083133
1522,-0.0016786662234711872
1523,-0.01748973129087251
1524,-0.02113308126474962
1525,-0.01138289087805657
1526,-0.05615653541234877
1527,-0.004528654380036031
1528,-0.030820381363663427
1529,0.029887374009367414
1530,-0.0027016611273099687
1531,-0.04773013155871638
1532,-0.06076106785924262
1533,0.014331089403352381
1534,-0.014705670933394213
1535,0.026078978461057258
1536,-0.005955851217354672
1537,0.011604040984664658
1538,-0.02929940893017117
1539,0.006449872447476736
1540,-0.012004880835340794
1541,-0.01699226725954739
1542,0.042017499334387434
1543,0.01600180433687184
1544,-0.009045167937447971
1545,-0.02018801126233724
1546,0.015555553792493668
1547,-0.027874059163369016
1548,-0.030477001585898066
1549,0.04730163373769465
1550,0.09764854788753465
1551,-0.04574484634989963
1552,-0.028008197510944834
1553,-0.018462909643795242
1554,0.015381378766587466
1555,-0.05773622267230586
1556,-0.008150862606494568
1557,0.0020743047524153513
1558,-0.03556109417821515
1559,-0.002206010985759716
1560,0.02791326996445781
1561,-0.04958301227482252
1562,0.006833422948215887
1563,0.017593109732075975
1564,-0.024040867113963336
1565,0.011179886193644462
1566,-0.004760170825660928
1567,0.029992084881129137
1568,0.020761835780297045
1569,-0.005135417248901714
1570,-0.04830959799117547
1571,-0.03998871756648479
1572,-0.00048470674539290496
1573,-0.020263033952808013
1574,0.03994071389323383
1575,0.03603710541891423
1576,0.025348055386501353
1577,-0.07306589908163756
1578,-0.0533564429553236
1579,0.010738045426995928
1580,-0.005953603382793664
1581,-9.606232309917139e-05
1582,0.07753770708740164
1583,0.02544304450009106
1584,-0.020282159342709737
1585,-0.028929066116053677
1586,0.02935952271578949
1587,0.013007118987727327
1588,-0.018124836628657524
1589,-0.0112447784059085
1590,-0.0438660166043196
1591,-0.0015800045667040152
1592,0.012508204695282545
1593,-0.0037639626848214123
1594,-0.004766878079415789
1595,0.02255988792956675
1596,-0.024074602333585524
1597,0.023151590506393104
1598,-0.04292918294274446
1599,-0.05109231590759895
1600,0.0389534994319085
1601,-0.011808510634321827
1602,0.018834350907056784
1603,0.016838865185322568
1604,0.004853056562751229
1605,0.006945020822249322
1606,-0.013009625217353127
1607,-0.04151909974708047
1608,-0.01842234552612457
1609,0.0017006826557247527
1610,-0.005543604434509221
1611,-0.03748381513999663
1612,0.018902692022707345
1613,0.019958952799297075
1614,0.0009231864886478784
1615,-0.0376505157461638
1616,-0.042703563164865885
1617,0.013333303560722605
1618,0.001640854859151475
1619,0.012269394663751041
1620,0.019338206749002794
1621,0.008140858274092751
1622,0.03960422099182781
1623,0.010924277030117948
1624,0.021382828861895728
1625,0.06000466312850044
1626,-0.05867880084318542
1627,-0.03577536733390143
1628,0.010161604701258892
1629,0.008560934760996725
1630,0.05420939975197098
1631,0.0179369907929705
1632,-0.03164388924233622
1633,-0.018010748564860807
1634,0.0008743938944547809
1635,-0.05623968952541535
1636,0.0345486302146989
1637,0.047156044237922475
1638,-0.0045797926322127215
1639,-0.00838264353279045
1640,0.0022485608597615737
1641,-0.057105053902394835
1642,0.0061986516368857094
1643,0.007990324320631516
1644,-0.022397678744206888
1645,0.042803991609246916
1646,0.010603128037633667
1647,-0.04638967378464732
1648,0.01996839083489856
1649,-0.015292359305432884
1650,-0.04620692912708835
1651,0.008910506354784024
1652,0.02413172835123514
1653,0.02280486703849255
1654,0.0076101678803852406
1655,0.00373579467699216
1656,0.00396331285403531
1657,0.03146435231661051
1658,-0.00026381236032761815
1659,0.001775576662922692
1660,0.05305048303240442
1661,0.005351290378813716
1662,-0.028468275557911402
1663,0.045853718960573095
1664,0.013547117511934265
1665,-0.028440619955494406
1666,0.003873367632375588
1667,0.04936160366686497
1668,-0.013974811449276967
1669,-0.030101380774320955
1670,0.01321691148132677
1671,0.03157476294700763
1672,-0.03713645292803878
1673,0.020852886980333937
1674,0.015660007908195078
1675,-0.0035187057229437648
1676,0.052211117808188594
1677,-0.025705969258725474
1678,0.03956473691282318
1679,0.09138486650115316
1680,0.009277574143775395
1681,-0.017025859096853262
1682,0.005742101078167918
1683,-0.02966709237766572
1684,0.0054704172086062295
1685,0.035849303614682276
1686,0.002759022973440397
1687,0.06978900357057939
1688,0.003988624442865302
1689,-0.02109893728895383
1690,-0.006061097850360516
1691,0.03486283654201289
1692,0.001350362779108391
1693,-0.043425291044261335
1694,-0.00239412216587041
1695,-0.003336483617196135
1696,0.02401181418327802
1697,0.00261446348732175
1698,-0.008935908761308611
1699,0.007524481643590937
1700,-0.03574234457247303
1701,-0.020875023990396275
1702,0.02523297891578027
1703,-0.007355077089504062
1704,0.011489206421563177
1705,0.011337306876185024
1706,-0.00025829411892284114
1707,-0.02189292319964992
1708,0.004584733930961855
1709,0.006182851099297323
1710,5.141433981671228e-05
1711,-0.010099249825376024
1712,-0.008911941198230475
1713,0.024363849912341837
1714,-0.020161844726096306
1715,-0.02224371847237291
1716,0.007844225533904755
1717,0.003844640418367496
1718,0.021312820838131043
1719,0.06353879151114894
1720,0.015725304499114644
1721,-0.03208396737948476
1722,-0.005689583815369428
1723,0.056990780636849266
1724,-0.006133492480144524
1725,0.010462633859151629
1726,-0.08827741976553334
1727,0.01995132586617791
1728,-0.04540849532615279
1729,0.04664200059709711
1730,0.03789128741190104
1731,-0.016964958392116654
1732,-0.02677366474905773
1733,0.007866572101833216
1734,0.01915975964185227
1735,-0.003984093085487505
1736,0.01943795263174331
1737,-0.007093555207980789
1738,0.008748673724576234
1739,-0.03735337170809233
1740,-0.028980010288536924
1741,-0.02170372776332324
1742,-0.07356156636378322
1743,-0.022211135868355675
1744,0.02024987193707515
1745,0.00021954050759708535
1746,0.01883547773419115
1747,-0.012927163810985094
1748,-0.02541616406344221
1749,0.015035450348140281
1750,-0.013468313064811848
1751,-0.005162889263114211
1752,-0.01676433252514028
1753,0.01598036445052002
1754,-0.02381191160228819
1755,-0.0003220147403586527
1756,-0.017615007502507274
1757,-0.0453733413742049
1758,0.022763336740167894
1759,0.009049498725124703
1760,0.024865494246696953
1761,0.017181043274961543
1762,-0.003932089735233578
1763,-0.00014901954751396436
1764,0.005421718605455972
1765,-0.023859351185728364
1766,0.010441421066415192
1767,-0.004141230369588552
1768,0.025545175963941985
1769,0.029493779433397878
1770,-0.03148791373342301
1771,0.039624244027843626
1772,0.03128649839195134
1773,0.019630602668986124
1774,-0.016256316523202755
1775,0.07334409281810192
1776,0.021530382746987008
1777,-0.018434143531271895
1778,-0.029453329886464402
1779,-0.012350293836823286
1780,-0.022093905254287557
1781,0.012832879556856998
1782,-0.025068285641064787
1783,0.03551690139147858
1784,0.028407768038450368
1785,0.04196070013216392
1786,-0.03215128671866746
1787,-0.0044240559658768
1788,0.020980593635968953
1789,-0.006351294973416673
1790,0.08959972072999808
1791,0.021519658419511267
1792,0.047660720221112465
1793,-0.04438647619894567
1794,0.021029350370307166
1795,-0.03564176266378533
1796,0.030860951657646334
1797,0.02272831770727467
1798,0.009650113669492503
1799,-0.01490762657994813
1800,0.034108358213884006
1801,0.011796713289569593
1802,-0.04595796242537374
1803,-0.035330759585076234
1804,-0.01401796505486888
1805,0.0014680138187277356
1806,0.018224669031596707
1807,0.011574279142203069
1808,-0.010198119075902278
1809,-0.0064772777346026435
1810,-0.020716918977422935
1811,0.0275534986588889
1812,0.013077387650546127
1813,0.05075124781081492
1814,0.019890828955989405
1815,0.015036623587717296
1816,0.008617685309574147
1817,-0.031030901931017808
1818,-0.011928578012535872
1819,0.010019378363804983
1820,0.02888996987530392
1821,-0.0018929471211887562
1822,-0.035598386284611885
1823,0.0010134246579148326
1824,-0.03652836279087391
1825,-0.01760317984185114
1826,-0.040655725613550395
1827,-0.0447929237154677
1828,0.006778089990904881
1829,0.028425937208630406
1830,-0.0031511439902327156
1831,0.0029113513853198463
1832,-0.0038176556884039698
1833,0.005828886408619778
1834,-0.06586824492531333
1835,-0.009529257002525228
1836,-0.004117459644073176
1837,0.0672176043849983
1838,-0.01991698969539789
1839,0.04815832589038973
1840,0.0006506132484442912
1841,0.039488968973000166
1842,-0.009073066820702321
1843,-0.04324172381281688
1844,-0.031670455437222314
1845,0.004468040269936506
1846,0.01459613277922472
1847,-0.016287643767879077
1848,0.03140826202249876
1849,0.00843951774492981
1850,0.010786106976734856
1851,-0.02730105403424898
1852,0.0034847324845117497
1853,-0.008557846776497208
1854,-0.007412916921659412
1855,0.051510183722293
1856,-0.0542028217316866
1857,-0.03280725426771609
1858,-0.06373554760592288
1859,0.016251282820863917
1860,-0.02181026576886549
1861,0.024653789109253157
1862,-0.04797487254362078
1863,-0.0172364334491739
1864,-0.025621155096144554
1865,0.028522353728236256
1866,0.04394872816012328
1867,0.011992436655734856
1868,-0.054863926005794886
1869,0.014995485081418167
1870,0.00783686087850233
1871,0.017002194144871387
1872,-0.029301916883396457
1873,0.017829804050239942
1874,-0.008086592541302378
1875,-0.04029725811253905
1876,0.0347688216138758
1877,0.010421159620394835
1878,-0.0263584576029787
1879,0.002367319966338201
1880,-0.015168697048105773
1881,-0.03184763639347694
1882,-0.02256474884563159
1883,-0.024901579685780436
1884,0.014933544486097818
1885,-0.048945889189306716
1886,-0.01165987332376305
1887,-0.025291351427423236
1888,0.035885866072856175
1889,0.01920403594344875
1890,-0.0020457960469395806
1891,0.025540133747899842
1892,0.007781181175446045
1893,-0.03323445123763879
1894,0.04007690998245749
1895,0.04705163831897643
1896,0.014222526981079267
1897,0.02205547694468902
1898,-0.019148855257255883
1899,-0.01746379690218284
1900,0.01739707221706741
1901,0.009542495896233379
1902,-0.015316794108261474
1903,-0.020284096194238488
1904,-0.014452556824479388
1905,0.004171547226370725
1906,-0.08144151468398704
1907,0.012000785127249062
1908,-0.020410783260839647
1909,-0.020259318169048288
1910,-0.0033441596403414294
1911,0.009530884894850591
1912,0.01954400713589122
1913,0.03482474380800767
1914,0.02112384586176115
1915,-0.0005867580715367872
1916,-0.052145403948474
1917,-0.008755308433563761
1918,0.0031821150946445493
1919,0.03242415206726843
1920,-0.020906457299381787
1921,0.0032042983952521027
1922,0.0027174925278118447
1923,0.01597254125209887
1924,-0.014250376244945974
1925,-0.018059652280655713
1926,0.023691525754637243
1927,0.00024019362516278383
1928,0.03531049637707506
1929,0.01791629855269127
1930,-0.027767371464889123
1931,0.037679955362320834
1932,-0.01588193623587898
1933,-0.03571964676763892
1934,-0.000841857554261359
1935,-0.04397569221301814
1936,-0.03858999387453607
1937,0.04070093394045964
1938,-0.02857900049928146
1939,0.019932827972660803
1940,-0.02518052284374317
1941,-0.023299091101019243
1942,-0.009709087456868703
1943,0.030764164769135273
1944,0.015654927898110262
1945,0.012934148705027846
1946,0.007225048934432265
1947,-0.03170704260072405
1948,-0.02840778911658483
1949,-0.014189243173789891
1950,-0.03032904593439634
1951,-0.018135126443927844
1952,-0.006582944496967884
1953,-0.0025134772725046097
1954,0.01653630350631441
1955,-0.015371944468934903
1956,-0.00944430245836599
1957,0.01715015865221178
1958,-0.04861856703516506
1959,-0.05191140468566112
1960,0.007700936884802845
1961,0.020346781351161927
1962,-0.030523188224238107
1963,0.014293135504986423
1964,-0.022000889995355162
1965,-0.01562388968703903
1966,0.050819363389073474
1967,0.029030592112303744
1968,-0.040425227035343805
1969,-0.007817974280713569
1970,0.005086024617695206
1971,-0.03833875030003276
1972,-0.013269181666404775
1973,-0.06195299332362711
1974,0.02899287845668913
1975,0.031112559611379355
1976,-0.01633340759527464
1977,0.04980819418869889
1978,-0.03567301794387495
1979,0.018576115395715548
1980,0.02491397514327905
1981,-0.005365291528701504
1982,-0.03563777321907307
1983,-0.007235593146738043
1984,0.05009747998368602
1985,-0.02506984057684597
1986,-0.020637848082534008
1987,0.028782925097982553
1988,0.02612644956768743
1989,-0.012123143245420258
1990,0.017169861181096303
1991,0.00855394891885593
1992,-0.03228344577546583
1993,-0.01644360053873093
1994,0.015449706868557749
1995,-0.03155932165365779
1996,0.06665930045432117
1997,-0.05405772858270468
1998,0.03814962705854971
1999,-0.03211991181210334
2000,-0.8501295762991669
